<configs>
	<set xpath="/progression/perks/perk[@name='perkMotherLode']/effect_group/passive_effect[@name='HarvestCount']/@value">1,3</set>
	<set xpath="/progression/perks/perk[@name='perkMiner69r']/effect_group/passive_effect[@name='BlockDamage']/@value">1,3</set>
	<set xpath="/progression/perks/perk[@name='perkAdvancedEngineering']/effect_group/passive_effect[@name='CraftingTime']/@value">-0.5</set>
	<append xpath="/progression/perks/perk[@name='perkAdvancedEngineering']/effect_group/passive_effect[@name='CraftingTime']/@tags">,chemStationCrafting</append>
</configs>